URL,Mobile Performance,Mobile Accessibility,Mobile Best Practices,Mobile SEO,Mobile Error,Desktop Performance,Desktop Accessibility,Desktop Best Practices,Desktop SEO,Desktop Error
"https://www.chefapprovedtools.com",69,100,57,100,"",99,100,74,100,""
"https://www.chefapprovedtools.com/about",92,100,93,100,"",100,100,93,100,""
"https://www.chefapprovedtools.com/contact",94,100,57,100,"",100,100,93,100,""
"https://www.chefapprovedtools.com/chef-approved",95,100,57,100,"",100,100,93,100,""
"https://www.chefapprovedtools.com/knives",93,100,57,100,"",100,100,93,100,""
"https://www.chefapprovedtools.com/cookware",83,100,57,100,"",100,100,93,100,""
"https://www.chefapprovedtools.com/appliances",95,100,57,100,"",100,100,93,100,""
"https://www.chefapprovedtools.com/moving-stirring",90,100,57,100,"",100,100,93,100,""
"https://www.chefapprovedtools.com/prep-tools",94,100,57,100,"",100,100,93,100,""
"https://www.chefapprovedtools.com/cleaning-maintenance",95,100,57,100,"",100,100,93,100,""
"https://www.chefapprovedtools.com/glossary",92,100,57,100,"",100,100,93,100,""
"https://www.chefapprovedtools.com/newsletter",94,100,57,100,"",100,100,93,100,""
"https://www.chefapprovedtools.com/disclosure",94,100,57,100,"",100,100,93,100,""
"https://www.chefapprovedtools.com/privacy-policy",96,100,57,100,"",100,100,93,100,""
"https://www.chefapprovedtools.com/terms",96,100,57,100,"",100,100,93,100,""
"https://www.chefapprovedtools.com/cookie-policy",97,100,57,100,"",100,100,93,100,""
"https://www.chefapprovedtools.com/kitchen-bundle",93,100,57,100,"",100,100,93,100,""
"https://www.chefapprovedtools.com/the-tools-that-started-it-all",96,100,57,100,"",100,100,93,100,""
"https://www.chefapprovedtools.com/reviews",96,100,57,100,"",100,100,93,100,""
"https://www.chefapprovedtools.com/reviews/benriner-large-mandoline",87,100,57,100,"",100,100,93,100,""
"https://www.chefapprovedtools.com/reviews/black-decker-toaster-oven",94,100,57,100,"",100,100,93,100,""
"https://www.chefapprovedtools.com/reviews/bodum-chambord-french-press",83,100,57,100,"",100,100,93,100,""
"https://www.chefapprovedtools.com/reviews/cuisinart-8-inch-nonstick-pan",94,100,57,100,"",100,100,93,100,""
"https://www.chefapprovedtools.com/reviews/cuisinart-dlc-10c-classic-food-processor",94,100,57,100,"",100,100,93,100,""
"https://www.chefapprovedtools.com/reviews/diamond-crystal-kosher-salt",94,100,57,100,"",100,100,93,100,""
"https://www.chefapprovedtools.com/reviews/epicurean-kitchen-cutting-board",90,100,57,100,"",100,100,93,100,""
"https://www.chefapprovedtools.com/reviews/henckels-sharpening-steel",89,100,57,100,"",100,100,93,100,""
"https://www.chefapprovedtools.com/reviews/instant-pot-duo-plus-6qt",84,100,57,100,"",100,100,93,100,""
"https://www.chefapprovedtools.com/reviews/japanese-wooden-spoon-set",95,100,57,100,"",99,100,74,100,""
"https://www.chefapprovedtools.com/reviews/john-boos-platinum-commercial-cutting-board",88,100,57,100,"",100,100,74,100,""
"https://www.chefapprovedtools.com/reviews/kitchenaid-kp26m1xlc-professional-600",81,100,57,100,"",100,100,74,100,""
"https://www.chefapprovedtools.com/reviews/kitchenaid-ksm8990wh",86,100,57,100,"",99,100,74,100,""
"https://www.chefapprovedtools.com/reviews/lamson-fish-spatula",77,100,57,100,"",100,100,74,100,""
"https://www.chefapprovedtools.com/reviews/large-metal-hotel-pans",94,98,57,100,"",100,98,74,100,""
"https://www.chefapprovedtools.com/reviews/large-plastic-hotel-pans",94,98,57,100,"",100,98,74,100,""
"https://www.chefapprovedtools.com/reviews/le-creuset-signature-7-25-qt-dutch-oven",92,100,57,100,"",99,100,56,100,""
"https://www.chefapprovedtools.com/reviews/lodge-seasoned-cast-iron-3-skillet-bundle",71,100,57,100,"",100,100,74,100,""
"https://www.chefapprovedtools.com/reviews/method-all-purpose-cleaner",74,100,57,100,"",99,100,74,100,""
"https://www.chefapprovedtools.com/reviews/ninja-air-fryer-af101",85,100,57,100,"",100,100,74,100,""
"https://www.chefapprovedtools.com/reviews/ninja-bl660-professional-blender",77,100,57,100,"",99,100,74,100,""
"https://www.chefapprovedtools.com/reviews/nordic-ware-half-sheet-pan",82,100,57,100,"",99,100,74,100,""
"https://www.chefapprovedtools.com/reviews/norton-im200-tri-stone-sharpener",82,100,57,100,"",99,100,74,100,""
"https://www.chefapprovedtools.com/reviews/oxo-good-grips-bench-scraper",81,100,57,100,"",99,100,74,100,""
"https://www.chefapprovedtools.com/reviews/oxo-good-grips-swivel-peeler",79,100,57,100,"",100,100,74,100,""
"https://www.chefapprovedtools.com/reviews/robot-coupe-r2-dice",80,100,57,100,"",99,100,74,100,""
"https://www.chefapprovedtools.com/reviews/rubbermaid-commercial-cooks-scraper",73,100,57,100,"",99,100,74,100,""
"https://www.chefapprovedtools.com/reviews/small-metal-hotel-pans",92,98,57,100,"",100,98,74,100,""
"https://www.chefapprovedtools.com/reviews/small-plastic-hotel-pans",87,98,57,100,"",100,98,56,100,""
"https://www.chefapprovedtools.com/reviews/victorinox-4-inch-paring-knife",63,100,57,100,"",99,100,74,100,""
"https://www.chefapprovedtools.com/reviews/victorinox-fibrox-10-inch-chefs-knife",79,100,57,100,"",99,100,74,100,""
"https://www.chefapprovedtools.com/reviews/victorinox-fibrox-8-inch-chefs-knife",90,100,57,100,"",99,100,74,100,""
"https://www.chefapprovedtools.com/reviews/victorinox-granton-edge-boning-knife",80,100,57,100,"",99,100,74,100,""
"https://www.chefapprovedtools.com/reviews/victorinox-offset-bread-knife",63,100,57,100,"",99,100,74,100,""
"https://www.chefapprovedtools.com/reviews/vitamix-5200-professional-blender",93,100,57,100,"",99,100,74,100,""
"https://www.chefapprovedtools.com/reviews/winco-heavy-duty-tongs",66,100,57,100,"",100,100,74,100,""
"https://www.chefapprovedtools.com/reviews/wusthof-classic-ikon-16-piece",76,100,57,100,"",99,100,74,100,""
"https://www.chefapprovedtools.com/reviews/wusthof-classic-ikon-santoku",79,100,57,100,"",100,100,59,100,""
"https://www.chefapprovedtools.com/reviews/zuperia-bar-mops",91,100,61,100,"",100,100,59,100,""
"https://www.chefapprovedtools.com/blog",66,100,61,100,"",100,100,59,100,""
"https://www.chefapprovedtools.com/blog/air-fryer-vs-convection-oven",93,100,61,100,"",100,100,59,100,""
"https://www.chefapprovedtools.com/blog/air-fryer-vs-deep-fryer",93,100,61,100,"",100,100,59,100,""
"https://www.chefapprovedtools.com/blog/air-fryer-vs-oven",89,100,61,100,"",100,100,59,100,""
"https://www.chefapprovedtools.com/blog/air-fryer-vs-toaster-oven",94,100,61,100,"",100,100,59,100,""
"https://www.chefapprovedtools.com/blog/bacon-but-not-in-this-dish",95,100,61,100,"",100,100,59,100,""
"https://www.chefapprovedtools.com/blog/benefits-cooking-with-garlic",96,100,61,100,"",100,100,59,100,""
"https://www.chefapprovedtools.com/blog/best-scrambled-eggs",92,100,61,100,"",100,100,59,100,""
"https://www.chefapprovedtools.com/blog/blanching-vegetables-why-restaurants-do-it",93,100,61,100,"",100,100,59,100,""
"https://www.chefapprovedtools.com/blog/bleach-vs-sanitation-solution",84,100,61,100,"",100,100,59,100,""
"https://www.chefapprovedtools.com/blog/braising-101-tough-cuts-made-tender",95,100,61,100,"",100,100,59,100,""
"https://www.chefapprovedtools.com/blog/bread-science-gluten-development",91,100,61,100,"",100,100,59,100,""
"https://www.chefapprovedtools.com/blog/caramelization-science",95,100,61,100,"",100,100,78,100,""
"https://www.chefapprovedtools.com/blog/caramelizing-onions-why-it-takes-45-minutes",77,100,79,100,"",100,100,78,100,""
"https://www.chefapprovedtools.com/blog/carbon-footprint-kitchen-equipment-buy-once-cry-once",82,100,79,100,"",100,100,78,100,""
"https://www.chefapprovedtools.com/blog/carbon-steel-vs-stainless-steel-knife",92,100,79,100,"",100,100,78,100,""
"https://www.chefapprovedtools.com/blog/cast-iron-seasoning-care",89,100,79,100,"",100,100,78,100,""
"https://www.chefapprovedtools.com/blog/cast-iron-vs-carbon-steel-pan",95,100,79,100,"",100,100,78,100,""
"https://www.chefapprovedtools.com/blog/cheese-sauce-mac-and-cheese",96,100,79,100,"",100,100,78,100,""
"https://www.chefapprovedtools.com/blog/complete-guide-to-salts",95,100,79,100,"",100,100,78,100,""
"https://www.chefapprovedtools.com/blog/complete-victorinox-knife-lineup-comparison",80,100,79,100,"",100,100,78,100,""
"https://www.chefapprovedtools.com/blog/cooking-by-feel",94,100,79,100,"",100,100,78,100,""
"https://www.chefapprovedtools.com/blog/cooking-with-tomatoes-fresh-vs-canned",89,100,79,100,"",100,100,78,100,""
"https://www.chefapprovedtools.com/blog/cookware-materials-explained",88,100,79,100,"",100,100,78,100,""
"https://www.chefapprovedtools.com/blog/cutting-board-materials-guide",94,100,79,100,"",100,100,78,100,""
"https://www.chefapprovedtools.com/blog/cutting-storing-fresh-herbs",86,100,79,100,"",100,100,78,100,""
"https://www.chefapprovedtools.com/blog/deglazing-pan-sauces",83,100,79,100,"",99,100,78,100,""
"https://www.chefapprovedtools.com/blog/dutch-oven-size-guide-which-quart-size",91,100,79,100,"",100,100,78,100,""
"https://www.chefapprovedtools.com/blog/dutch-oven-vs-slow-cooker",91,100,79,100,"",100,100,78,100,""
"https://www.chefapprovedtools.com/blog/essential-knife-cuts-every-cook-should-master",86,100,79,100,"",99,100,78,100,""
"https://www.chefapprovedtools.com/blog/fat-is-flavor",90,100,79,100,"",100,100,78,100,""
"https://www.chefapprovedtools.com/blog/food-processor-vs-blender",94,100,79,100,"",100,100,78,100,""
"https://www.chefapprovedtools.com/blog/gas-vs-induction-cooktop",95,100,79,100,"",100,100,78,100,""
"https://www.chefapprovedtools.com/blog/guide-cooking-oils-smoke-points",94,100,79,100,"",100,100,100,100,""
"https://www.chefapprovedtools.com/blog/hand-washing-kitchen",83,100,100,100,"",100,100,100,100,""
"https://www.chefapprovedtools.com/blog/hidden-secrets-of-brining",83,100,100,100,"",100,100,100,100,""
"https://www.chefapprovedtools.com/blog/hotel-pan-system-restaurant-organization-home",82,100,100,100,"",100,100,100,100,""
"https://www.chefapprovedtools.com/blog/how-to-choose-first-chef-knife",70,100,100,100,"",100,100,100,100,""
"https://www.chefapprovedtools.com/blog/how-to-clean-burnt-stainless-steel-pans",82,100,100,100,"",100,100,100,100,""
"https://www.chefapprovedtools.com/blog/how-to-cook-perfect-pasta",83,100,100,100,"",100,100,100,100,""
"https://www.chefapprovedtools.com/blog/how-to-get-rust-off-knife",80,100,100,100,"",100,100,100,100,""
"https://www.chefapprovedtools.com/blog/how-to-make-marinara-sauce",80,100,100,100,"",100,100,100,100,""
"https://www.chefapprovedtools.com/blog/how-to-make-perfect-french-press-coffee",76,100,100,100,"",100,100,100,100,""
"https://www.chefapprovedtools.com/blog/how-to-make-perfect-risotto",86,100,100,100,"",100,100,100,100,""
"https://www.chefapprovedtools.com/blog/how-to-make-roux",84,100,100,100,"",100,100,100,100,""
"https://www.chefapprovedtools.com/blog/how-to-preheat-a-pan",72,100,100,100,"",100,100,100,100,""
"https://www.chefapprovedtools.com/blog/how-to-prep-and-grill-asparagus",84,100,100,100,"",100,100,100,100,""
"https://www.chefapprovedtools.com/blog/how-to-sear-steaks-like-restaurant-chef",80,100,100,100,"",100,100,100,100,""
"https://www.chefapprovedtools.com/blog/how-to-sharpen-with-tri-stone",83,100,100,100,"",100,100,100,100,""
"https://www.chefapprovedtools.com/blog/how-to-steel-a-knife",82,100,100,100,"",100,100,100,100,""
"https://www.chefapprovedtools.com/blog/how-to-store-raw-foods-safely",83,100,100,100,"",100,100,100,100,""
"https://www.chefapprovedtools.com/blog/how-to-use-pizza-stone",83,100,100,100,"",100,100,100,100,""
"https://www.chefapprovedtools.com/blog/how-to-wash-lettuce",82,100,100,100,"",100,100,100,100,""
"https://www.chefapprovedtools.com/blog/hydration-health-water-intake",81,100,100,100,"",100,100,100,100,""
"https://www.chefapprovedtools.com/blog/immersion-blender-vs-countertop-blender",80,100,100,100,"",100,100,100,100,""
"https://www.chefapprovedtools.com/blog/instant-pot-vs-crockpot",84,100,100,100,"",100,100,100,100,""
"https://www.chefapprovedtools.com/blog/kitchen-gloves-guide",83,100,100,100,"",100,100,100,100,""
"https://www.chefapprovedtools.com/blog/kitchen-starter-kit-first-5-tools",83,100,100,100,"",100,100,100,100,""
"https://www.chefapprovedtools.com/blog/kitchen-thermometers-guide",82,100,100,100,"",100,100,100,100,""
"https://www.chefapprovedtools.com/blog/kitchen-tools-wasting-money",83,100,100,100,"",100,100,100,100,""
"https://www.chefapprovedtools.com/blog/knife-safety-rules-professional-kitchens",84,100,100,100,"",100,100,100,100,""
"https://www.chefapprovedtools.com/blog/knife-skills-how-to-hold-chef-knife",83,100,100,100,"",100,100,100,100,""
"https://www.chefapprovedtools.com/blog/knife-storage-protecting-blades-for-decades",83,100,100,100,"",100,100,100,100,""
"https://www.chefapprovedtools.com/blog/magic-of-freshly-ground-pepper",84,100,100,100,"",100,100,100,100,""
"https://www.chefapprovedtools.com/blog/maillard-reaction-browning-flavor",84,100,100,100,"",100,100,100,100,""
"https://www.chefapprovedtools.com/blog/making-stock-professional-chef-method",83,100,100,100,"",100,100,100,100,""
"https://www.chefapprovedtools.com/blog/meal-prep-station-setup-restaurant-efficiency",83,100,100,100,"",100,100,100,100,""
"https://www.chefapprovedtools.com/blog/mis-en-place-professional-cooking",78,98,100,100,"",100,98,100,100,""
"https://www.chefapprovedtools.com/blog/ninja-vs-vitamix",72,100,100,100,"",99,100,100,100,""
"https://www.chefapprovedtools.com/blog/nonstick-vs-stainless-steel-pans",81,100,100,100,"",100,100,100,100,""
"https://www.chefapprovedtools.com/blog/nutribullet-vs-magic-bullet",83,100,100,100,"",100,100,100,100,""
"https://www.chefapprovedtools.com/blog/onions-cooking-guide",77,100,100,100,"",100,100,100,100,""
"https://www.chefapprovedtools.com/blog/oxidization-effect-on-food",82,100,100,100,"",100,100,100,100,""
"https://www.chefapprovedtools.com/blog/paring-knife-vs-chefs-knife",82,100,100,100,"",100,100,100,100,""
"https://www.chefapprovedtools.com/blog/potatoes-cooking-guide",81,100,100,100,"",100,100,100,100,""
"https://www.chefapprovedtools.com/blog/pressure-cooker-vs-slow-cooker",86,100,100,100,"",100,100,100,100,""
"https://www.chefapprovedtools.com/blog/reducing-sauces-restaurant-technique",83,100,100,100,"",100,100,100,100,""
"https://www.chefapprovedtools.com/blog/santoku-vs-chef-knife",83,100,100,100,"",100,100,100,100,""
"https://www.chefapprovedtools.com/blog/sheet-pan-cooking-restaurant-techniques",83,100,100,100,"",100,100,100,100,""
"https://www.chefapprovedtools.com/blog/stainless-steel-why-food-sticks",82,100,100,100,"",100,100,100,100,""
"https://www.chefapprovedtools.com/blog/stand-mixer-buying-guide",81,100,100,100,"",100,100,100,100,""
"https://www.chefapprovedtools.com/blog/stand-mixer-vs-hand-mixer",82,100,100,100,"",100,100,100,100,""
"https://www.chefapprovedtools.com/blog/stock-vs-broth-vs-bouillon",81,100,100,100,"",100,100,100,100,""
"https://www.chefapprovedtools.com/blog/toaster-oven-vs-slot-toaster",77,100,100,100,"",100,100,100,100,""
"https://www.chefapprovedtools.com/blog/understanding-acids-cooking",82,100,100,100,"",100,100,100,100,""
"https://www.chefapprovedtools.com/blog/understanding-cooking-fats",83,100,100,100,"",100,100,100,100,""
"https://www.chefapprovedtools.com/blog/understanding-umami-fifth-taste",85,100,100,100,"",100,100,100,100,""
"https://www.chefapprovedtools.com/blog/vegetable-roasting-guide",83,100,100,100,"",100,100,100,100,""
"https://www.chefapprovedtools.com/blog/victorinox-8-inch-vs-10-inch-chefs-knife",82,100,100,100,"",100,100,100,100,""
"https://www.chefapprovedtools.com/blog/victorinox-budget-vs-wusthof-premium-knives",83,96,100,100,"",100,96,100,100,""
"https://www.chefapprovedtools.com/blog/what-is-braising",84,100,100,100,"",100,100,100,100,""
"https://www.chefapprovedtools.com/blog/what-is-emulsification",83,100,100,100,"",100,100,100,100,""
"https://www.chefapprovedtools.com/blog/what-is-mirepoix",83,100,100,100,"",100,100,100,100,""
"https://www.chefapprovedtools.com/blog/what-is-velveting",81,100,100,100,"",100,100,100,100,""
"https://www.chefapprovedtools.com/blog/why-children-hate-broccoli",84,100,100,100,"",100,100,100,100,""
"https://www.chefapprovedtools.com/blog/why-cook-chicken-wings-longer",84,100,100,100,"",100,100,100,100,""
"https://www.chefapprovedtools.com/blog/why-cooking-science-matters",81,100,100,100,"",100,100,100,100,""
"https://www.chefapprovedtools.com/blog/why-professional-chefs-use-kosher-salt",83,100,100,100,"",100,100,100,100,""
"https://www.chefapprovedtools.com/blog/why-removing-silverskin-matters",85,100,100,100,"",100,100,100,100,""
"https://www.chefapprovedtools.com/blog/why-resting-meat-key-cooking",83,100,100,100,"",100,100,100,100,""
"https://www.chefapprovedtools.com/blog/why-use-wood-silicone-utensils-cookware",84,100,100,100,"",100,100,100,100,""
"https://www.chefapprovedtools.com/blog/why-wash-eggs-and-produce",84,100,100,100,"",100,100,100,100,""
"https://www.chefapprovedtools.com/blog/wood-vs-composite-cutting-board",84,100,100,100,"",100,100,100,100,""
"https://www.chefapprovedtools.com/guides",86,100,100,100,"",100,100,100,100,""
"https://www.chefapprovedtools.com/guides/affordable-kitchen-appliances",82,100,100,100,"",100,100,100,100,""
"https://www.chefapprovedtools.com/guides/best-budget-chef-knife",84,100,100,100,"",100,100,100,100,""
"https://www.chefapprovedtools.com/guides/best-chef-knives",83,100,100,100,"",100,100,100,100,""
"https://www.chefapprovedtools.com/guides/best-cookware",85,100,100,100,"",100,100,100,100,""
"https://www.chefapprovedtools.com/guides/best-knife-for-cutting-meat",83,100,100,100,"",100,100,100,100,""
"https://www.chefapprovedtools.com/guides/cookware-materials",84,100,100,100,"",100,100,100,100,""
"https://www.chefapprovedtools.com/guides/kitchen-appliances",83,100,100,100,"",100,100,100,100,""
"https://www.chefapprovedtools.com/guides/knife-care",86,100,100,100,"",100,100,100,100,""